Municipality,County,Municipality and County,Year,Residential Electricity,Commercial Electricity,Industrial Electricity,Street Lighting Electricity,Residential Natural Gas,Commercial Natural Gas,Industrial Natural Gas,Street Lighting Natural Gas,Other Heating Fuels,On-Road Vehicles,"Total
MTCO2e"
Aberdeen township,Monmouth,"Aberdeen township, Monmouth County",2020,"13,295","6,144",181,168,"26,379","5,657",CWC,NDA,"1,468","73,388","126,681"
Absecon city,Atlantic,"Absecon city, Atlantic County",2020,"7,757","6,243",NDA,114,"26,278","11,989",NDA,NDA,"1,282","32,488","86,151"
Alexandria township,Hunterdon,"Alexandria township, Hunterdon County",2020,"5,381",984,4,5,NDA,NDA,NDA,NDA,"7,363","13,312","27,050"
Allamuchy township,Warren,"Allamuchy township, Warren County",2020,"4,531","1,332",187,39,"12,743",468,"3,267",NDA,"3,008","16,085","41,659"
Allendale borough,Bergen,"Allendale borough, Bergen County",2020,"6,340","5,833",NDA,25,"18,032","6,128",18,NDA,571,"30,926","67,873"
Allenhurst borough,Monmouth,"Allenhurst borough, Monmouth County",2020,"1,312",495,4,20,"2,749",391,CWC,NDA,NDA,"1,891","6,862"
Allentown borough,Monmouth,"Allentown borough, Monmouth County",2020,"1,486",997,34,36,"2,722","1,265",31,NDA,237,"2,813","9,620"
Alloway township,Salem,"Alloway township, Salem County",2020,"2,514",587,NDA,21,139,NDA,NDA,NDA,"12,836","13,638","29,735"
Alpha borough,Warren,"Alpha borough, Warren County",2020,"1,880","3,916",355,11,"3,613","2,525",NDA,NDA,"1,517","10,510","24,327"
Alpine borough,Bergen,"Alpine borough, Bergen County",2020,"4,522","1,133",NDA,10,"11,643",578,NDA,NDA,92,"4,882","22,859"
Andover borough,Sussex,"Andover borough, Sussex County",2020,704,542,11,8,NDA,NDA,NDA,NDA,"2,723","1,912","5,899"
Andover township,Sussex,"Andover township, Sussex County",2020,"5,876","2,552",203,12,"2,369","11,817",NDA,NDA,"13,185","20,623","56,636"
Asbury Park city,Monmouth,"Asbury Park city, Monmouth County",2020,"8,410","12,910",521,289,"15,709","20,780",CWC,NDA,"1,469","48,790","108,878"
Atlantic City city,Atlantic,"Atlantic City city, Atlantic County",2020,"18,831","152,948",1,"1,629","63,429","380,400","79,421",NDA,"2,857","143,133","842,650"
Atlantic Highlands borough,Monmouth,"Atlantic Highlands borough, Monmouth County",2020,"4,158","2,261",40,69,"9,973","3,307",CWC,NDA,417,"18,792","39,018"
Audubon borough,Camden,"Audubon borough, Camden County",2020,"6,558","5,163",19,86,"12,390","4,788",74,NDA,"1,519","28,376","58,972"
Audubon Park borough,Camden,"Audubon Park borough, Camden County",2020,NDA,NDA,NDA,1,NDA,NDA,NDA,NDA,44,"2,943","2,988"
Avalon borough,Cape May,"Avalon borough, Cape May County",2020,"11,419","2,913",NDA,89,"29,875","7,031",NDA,NDA,11,"7,037","58,376"
Avon-by-the-Sea borough,Monmouth,"Avon-by-the-Sea borough, Monmouth County",2020,"2,176",597,32,20,"4,723",876,CWC,NDA,125,"5,384","13,934"
Barnegat Light borough,Ocean,"Barnegat Light borough, Ocean County",2020,"1,984",760,NDA,16,"2,633",442,CWC,NDA,11,"1,597","7,443"
Barnegat township,Ocean,"Barnegat township, Ocean County",2020,"20,358","6,040",102,240,"40,326","3,761",CWC,NDA,"3,579","44,052","118,458"
Barrington borough,Camden,"Barrington borough, Camden County",2020,"5,138","4,356",47,107,"8,407","4,781","3,801",NDA,"1,261","27,459","55,357"
Bass River township,Burlington,"Bass River township, Burlington County",2020,"1,262",662,"1,089",14,813,"2,754",CWC,NDA,"2,234","9,419","18,247"
Bay Head borough,Ocean,"Bay Head borough, Ocean County",2020,"2,402",745,"1,412",7,"4,951",668,CWC,NDA,21,"3,431","13,638"
Bayonne city,Hudson,"Bayonne city, Hudson County",2020,"33,252","37,008","6,434","1,132","78,074","83,184","1,456",NDA,"9,295","146,369","396,205"
Beach Haven borough,Ocean,"Beach Haven borough, Ocean County",2020,"7,913","2,951",NDA,51,"4,848","1,627",CWC,NDA,80,"3,661","21,131"
Beachwood borough,Ocean,"Beachwood borough, Ocean County",2020,"8,196","1,385",75,32,"13,565","1,024",CWC,NDA,"2,435","25,241","51,952"
Bedminster township,Somerset,"Bedminster township, Somerset County",2020,"7,180","16,095",107,9,"10,906","3,550",NDA,NDA,"5,156","62,329","105,332"
Belleville township,Essex,"Belleville township, Essex County",2020,"19,214","15,645",892,512,"46,529","26,938","1,344",NDA,"6,218","105,839","223,131"
Bellmawr borough,Camden,"Bellmawr borough, Camden County",2020,"7,998","10,618","3,400",147,"13,702","17,876","3,142",NDA,"1,144","53,592","111,619"
Belmar borough,Monmouth,"Belmar borough, Monmouth County",2020,"5,832","3,600",106,47,"10,973","4,569",CWC,NDA,260,"19,699","45,086"
Belvidere town,Warren,"Belvidere town, Warren County",2020,"2,332","1,150","10,679",20,"2,097","1,851","150,235",NDA,"3,751","15,781","187,896"
Bergenfield borough,Bergen,"Bergenfield borough, Bergen County",2020,"15,567","5,841",146,245,"37,268","11,880",344,NDA,"2,584","75,017","148,892"
Berkeley heights township,Union,"Berkeley heights township, Union County",2020,"9,941","22,823","1,598",82,"25,714","17,080","1,304",NDA,881,"64,235","143,657"
Berkeley township,Ocean,"Berkeley township, Ocean County",2020,"36,608","9,843","3,525",374,"89,421","16,025",CWC,NDA,"5,002","122,401","283,199"
Berlin borough,Camden,"Berlin borough, Camden County",2020,"8,649","8,610","15,912",82,"25,913","17,015",299,NDA,620,"34,711","111,811"
Berlin township,Camden,"Berlin township, Camden County",2020,"5,442","4,426",265,49,"13,006","23,919",38,NDA,606,"37,450","85,201"
Bernards township,Somerset,"Bernards township, Somerset County",2020,"25,914","26,549","1,119",35,"57,258","28,818",233,NDA,"2,429","137,445","279,800"
Bernardsville borough,Somerset,"Bernardsville borough, Somerset County",2020,"10,159","5,369","3,057",47,"19,955","5,041","1,632",NDA,"2,404","34,946","82,609"
Bethlehem township,Hunterdon,"Bethlehem township, Hunterdon County",2020,"4,089",594,"1,243",3,474,NDA,NDA,NDA,"11,388","18,849","36,639"
Beverly city,Burlington,"Beverly city, Burlington County",2020,"1,787",403,8,51,"3,660",479,36,NDA,575,"5,742","12,740"
Blairstown township,Warren,"Blairstown township, Warren County",2020,"6,342","3,076",255,12,NDA,NDA,NDA,NDA,"10,831","21,559","42,075"
Bloomfield township,Essex,"Bloomfield township, Essex County",2020,"27,527","20,648",922,929,"68,041","33,599",743,15,"10,212","135,318","297,954"
Bloomingdale borough,Passaic,"Bloomingdale borough, Passaic County",2020,39,NDA,NDA,NDA,"11,498","2,060",81,NDA,"7,822","30,785","52,284"
Bloomsbury borough,Hunterdon,"Bloomsbury borough, Hunterdon County",2020,811,666,130,8,574,201,NDA,NDA,"1,430","3,431","7,251"
Bogota borough,Bergen,"Bogota borough, Bergen County",2020,"4,556","1,749",131,88,"11,518","3,708",179,NDA,"1,786","16,941","40,656"
Boonton Town,Morris,"Boonton Town, Morris County",2020,"5,843","5,108",342,60,"14,387","7,424",CWC,NDA,"3,765","53,780","90,710"
Boonton township,Morris,"Boonton township, Morris County",2020,"4,955","2,892","2,257",0,"3,914","2,061",CWC,NDA,"4,992","15,448","36,519"
Bordentown city,Burlington,"Bordentown city, Burlington County",2020,"2,830","1,682",14,54,"5,471","2,774",34,NDA,949,"18,437","32,246"
Bordentown township,Burlington,"Bordentown township, Burlington County",2020,"8,219","11,856",863,176,"14,617","11,397",525,NDA,"1,228","72,011","120,892"
Bound Brook borough,Somerset,"Bound Brook borough, Somerset County",2020,"6,134","4,811",518,181,"13,908","6,438",407,NDA,714,"50,104","83,215"
Bradley Beach borough,Monmouth,"Bradley Beach borough, Monmouth County",2020,"3,771","1,652",28,NDA,"7,753","2,399",CWC,NDA,275,"12,570","28,448"
Branchburg township,Somerset,"Branchburg township, Somerset County",2020,"13,134","42,082","12,989",24,"27,370","36,641","5,603",NDA,"5,533","107,679","251,055"
Branchville borough,Sussex,"Branchville borough, Sussex County",2020,915,"1,129",0,9,NDA,NDA,NDA,NDA,"1,613","3,699","7,365"
Brick township,Ocean,"Brick township, Ocean County",2020,"65,984","34,167","3,725",788,"103,343","24,164",CWC,NDA,"6,009","250,938","489,118"
Bridgeton city,Cumberland,"Bridgeton city, Cumberland County",2020,"25,505","33,730","15,935",226,"31,496","58,541","194,670",NDA,"8,799","29,033","397,936"
Bridgewater township,Somerset,"Bridgewater township, Somerset County",2020,"33,965","77,117","13,603",706,"77,988","61,189","42,215",NDA,"5,711","277,551","590,044"
Brielle borough,Monmouth,"Brielle borough, Monmouth County",2020,"5,931","1,517",NDA,40,"11,114","1,774",CWC,NDA,253,"15,804","36,431"
Brigantine city,Atlantic,"Brigantine city, Atlantic County",2020,"12,933","3,752",1,140,"37,768","22,940",NDA,NDA,859,"11,094","89,488"
Brooklawn borough,Camden,"Brooklawn borough, Camden County",2020,"1,232","1,952",8,44,"2,280","1,572",14,NDA,451,"8,114","15,667"
Buena borough,Atlantic,"Buena borough, Atlantic County",2020,"5,261","3,365","3,374",49,"10,901","5,859","1,128",NDA,"1,418","32,103","63,458"
Buena Vista township,Atlantic,"Buena Vista township, Atlantic County",2020,"5,123","1,628","1,266",32,"13,299","3,599",581,NDA,"6,692","22,882","55,102"
Burlington city,Burlington,"Burlington city, Burlington County",2020,"6,675","6,734","4,266",462,"13,624","6,640",153,NDA,"1,562","39,136","79,253"
Burlington township,Burlington,"Burlington township, Burlington County",2020,"15,886","21,047","1,038",271,"29,869","40,747","49,374",NDA,"1,023","147,359","306,613"
Butler borough,Morris,"Butler borough, Morris County",2020,3,56,204,NDA,"13,555","4,675","1,103",NDA,"1,160","37,062","57,817"
Byram township,Sussex,"Byram township, Sussex County",2020,"8,031","2,808",71,23,NDA,NDA,NDA,NDA,"17,472","19,710","48,115"
Caldwell borough,Essex,"Caldwell borough, Essex County",2020,"4,933","4,903",17,137,"12,074","9,443",48,NDA,822,"30,893","63,270"
Califon borough,Hunterdon,"Califon borough, Hunterdon County",2020,"1,058",815,17,10,"1,444","1,054",NDA,NDA,"2,186","4,038","10,623"
Camden city,Camden,"Camden city, Camden County",2020,"36,316","78,283","21,247","2,467","76,087","97,843","82,794",NDA,"9,800","234,194","639,031"
Cape May City,Cape May,"Cape May City, Cape May County",2020,"7,531","9,891",54,87,"16,143","74,854",NDA,NDA,100,"5,686","114,347"
Cape May Point borough,Cape May,"Cape May Point borough, Cape May County",2020,982,392,NDA,8,"1,561",93,NDA,NDA,132,400,"3,569"
Carlstadt borough,Bergen,"Carlstadt borough, Bergen County",2020,"3,712","59,960","23,771",144,"9,056","19,152","11,974",NDA,427,"101,405","229,600"
Carneys Point township,Salem,"Carneys Point township, Salem County",2020,"4,560","7,058",971,73,"11,993","8,361",NDA,NDA,"4,841","62,670","100,527"
Carteret borough,Middlesex,"Carteret borough, Middlesex County",2020,"13,231","34,389","25,477",392,"46,375","30,848","47,563",NDA,"6,024","121,458","325,757"
Cedar Grove township,Essex,"Cedar Grove township, Essex County",2020,"9,872","7,441","1,059",271,"23,813","12,980",635,NDA,"1,308","49,031","106,408"
Chatham borough,Morris,"Chatham borough, Morris County",2020,"6,711","4,404",87,71,"17,258","6,305",221,NDA,468,"40,480","76,006"
Chatham township,Morris,"Chatham township, Morris County",2020,"10,226","3,797",344,40,"22,842","4,181",30,NDA,"1,749","33,127","76,336"
Cherry Hill township,Camden,"Cherry Hill township, Camden County",2020,"57,607","78,151","4,167",706,"117,400","63,210","8,755",NDA,"18,156","370,117","718,270"
Chesilhurst borough,Camden,"Chesilhurst borough, Camden County",2020,"1,269",362,4,14,"3,183",847,NDA,NDA,795,"4,653","11,127"
Chester borough,Morris,"Chester borough, Morris County",2020,"1,681","4,000",29,13,"4,436","3,930",13,NDA,780,"29,174","44,055"
Chester township,Morris,"Chester township, Morris County",2020,"9,521","2,608",3,3,"16,488","1,171",NDA,NDA,"4,836","28,689","63,319"
Chesterfield township,Burlington,"Chesterfield township, Burlington County",2020,"5,033","3,938","3,273",75,"7,038","3,829",NDA,NDA,"2,655","23,885","49,726"
Cinnaminson township,Burlington,"Cinnaminson township, Burlington County",2020,"13,345","13,329","1,159",296,"24,383","10,248","3,710",NDA,"2,513","71,852","140,835"
City of Orange township,Essex,"City of Orange township, Essex County",2020,"13,751","13,472",603,904,"33,784","30,116","1,158",NDA,"5,070","69,856","168,714"
Clark township,Union,"Clark township, Union County",2020,"11,665","13,028","3,569",248,"38,467","22,619","12,753",NDA,"3,171","66,607","172,127"
Clayton borough,Gloucester,"Clayton borough, Gloucester County",2020,"6,106","2,510","3,025",40,"19,371","7,199","5,256",NDA,"1,925","37,362","82,794"
Clementon borough,Camden,"Clementon borough, Camden County",2020,"10,483","3,979",57,49,"10,103","3,601",NDA,NDA,399,"15,471","44,142"
Cliffside Park borough,Bergen,"Cliffside Park borough, Bergen County",2020,"15,969","9,681",15,209,"24,940","14,480",842,NDA,"5,045","50,255","121,435"
Clifton city,Passaic,"Clifton city, Passaic County",2020,"47,131","69,658","23,063",848,"125,596","62,163","10,751",NDA,"9,945","347,034","696,188"
Clinton town,Hunterdon,"Clinton town, Hunterdon County",2020,"2,621","1,896",343,20,"5,469","11,508","15,022",NDA,"1,325","22,978","61,181"
Clinton township,Hunterdon,"Clinton township, Hunterdon County",2020,"12,465","11,059","5,423",24,"21,316","5,123","87,696",NDA,"10,051","48,801","201,958"
Closter borough,Bergen,"Closter borough, Bergen County",2020,"7,305","4,967",NDA,26,"20,927","5,764",243,NDA,524,"32,435","72,193"
Collingswood borough,Camden,"Collingswood borough, Camden County",2020,"8,912","6,756",431,125,"16,984","9,861",244,NDA,"3,306","41,439","88,057"
Colts Neck township,Monmouth,"Colts Neck township, Monmouth County",2020,"14,843","4,565","2,005",4,"27,846","5,452",CWC,NDA,"2,663","56,733","114,111"
Commercial township,Cumberland,"Commercial township, Cumberland County",2020,"3,990","1,053","1,113",43,"7,800",877,"3,571",NDA,"8,601","11,865","38,913"
Corbin City city,Atlantic,"Corbin City city, Atlantic County",2020,528,247,NDA,4,359,100,NDA,NDA,"1,362","7,628","10,228"
Cranbury township,Middlesex,"Cranbury township, Middlesex County",2020,"3,887","24,903",778,77,"7,537","26,691",312,NDA,406,"57,023","121,614"
Cranford township,Union,"Cranford township, Union County",2020,"16,422","21,335","1,805",383,"55,598","19,638",NDA,NDA,"4,699","123,848","243,728"
Cresskill borough,Bergen,"Cresskill borough, Bergen County",2020,"7,953","3,081",NDA,36,"21,733","3,023",101,NDA,470,"29,084","65,481"
Deal borough,Monmouth,"Deal borough, Monmouth County",2020,"4,692",970,NDA,53,"8,634","1,121",CWC,NDA,53,"4,288","19,811"
Deerfield township,Cumberland,"Deerfield township, Cumberland County",2020,"1,976","1,980",968,19,"4,169","3,783",567,NDA,"2,943","11,187","27,592"
Delanco township,Burlington,"Delanco township, Burlington County",2020,"3,779","2,500",497,57,"6,526","2,394",953,NDA,978,"14,107","31,793"
Delaware township,Hunterdon,"Delaware township, Hunterdon County",2020,"5,636",938,4,7,"1,206",80,NDA,NDA,"14,396","8,556","30,823"
Delran township,Burlington,"Delran township, Burlington County",2020,"12,877","8,898","3,803",180,"19,439","11,829",46,NDA,"1,553","61,415","120,040"
Demarest borough,Bergen,"Demarest borough, Bergen County",2020,"5,066","1,264",NDA,16,"14,577","1,710",6,NDA,620,"12,316","35,574"
Dennis township,Cape May,"Dennis township, Cape May County",2020,"6,558","4,702",23,10,"20,518","3,996",132,NDA,"10,270","61,098","107,306"
Denville township,Morris,"Denville township, Morris County",2020,"14,121","17,205",540,117,"27,234","20,667",CWC + NDA,NDA,"8,677","113,624","202,186"
Deptford township,Gloucester,"Deptford township, Gloucester County",2020,"19,434","17,440",152,370,"58,438","30,543",450,NDA,"6,829","164,534","298,191"
Dover town,Morris,"Dover town, Morris County",2020,"8,955","10,330","1,946",202,"19,532","13,676",CWC,NDA,"4,894","82,403","141,937"
Downe township,Cumberland,"Downe township, Cumberland County",2020,"1,288","1,404","1,504",34,"1,790",179,"7,140",NDA,"4,635","3,131","21,104"
Dumont borough,Bergen,"Dumont borough, Bergen County",2020,"10,871","3,001",278,164,"26,497","7,006",105,NDA,"1,856","49,127","98,905"
Dunellen borough,Middlesex,"Dunellen borough, Middlesex County",2020,"4,218","1,821",105,94,"10,347","3,360",54,NDA,"1,489","20,353","41,842"
Eagleswood township,Ocean,"Eagleswood township, Ocean County",2020,"1,851",798,801,16,"2,528",562,CWC,NDA,938,"7,662","15,157"
East Amwell township,Hunterdon,"East Amwell township, Hunterdon County",2020,"4,524","1,091",26,7,"1,941","1,238",NDA,NDA,"9,127","10,391","28,345"
East Brunswick township,Middlesex,"East Brunswick township, Middlesex County",2020,"32,042","39,663","2,415",707,"73,161","32,763","1,241",NDA,"4,923","232,377","419,292"
East Greenwich township,Gloucester,"East Greenwich township, Gloucester County",2020,"9,072","2,881","3,266",84,"25,932","5,860","119,479",NDA,"5,601","44,910","217,084"
East Hanover township,Morris,"East Hanover township, Morris County",2020,"9,383","16,185","24,446",5,"24,723","16,726","7,469",NDA,814,"126,659","226,409"
East Newark borough,Hudson,"East Newark borough, Hudson County",2020,987,474,10,64,"2,702",987,22,NDA,236,"3,719","9,201"
East Orange city,Essex,"East Orange city, Essex County",2020,"29,478","31,791",199,"1,131","72,199","75,146","2,279",26,"14,540","141,003","367,791"
East Rutherford borough,Bergen,"East Rutherford borough, Bergen County",2020,"5,946","48,946","2,038",194,"10,841","25,320","2,173",NDA,"1,163","110,861","207,482"
East Windsor township,Mercer,"East Windsor township, Mercer County",2020,"17,667","20,793","2,568",175,"30,537","25,111","2,098",NDA,"1,702","124,233","224,885"
Eastampton township,Burlington,"Eastampton township, Burlington County",2020,"4,908","1,332",16,98,"6,695","1,339",3,NDA,998,"18,622","34,011"
Eatontown borough,Monmouth,"Eatontown borough, Monmouth County",2020,"10,504","24,268",656,86,"13,319","14,894",CWC,NDA,"2,403","130,566","196,696"
Edgewater borough,Bergen,"Edgewater borough, Bergen County",2020,"10,425","13,862",433,152,"9,451","14,810",307,NDA,790,"49,707","99,937"
Edgewater Park township,Burlington,"Edgewater Park township, Burlington County",2020,"6,030","4,052",9,98,"10,962","4,124",429,NDA,348,"28,441","54,493"
Edison township,Middlesex,"Edison township, Middlesex County",2020,"56,215","165,183","17,069","1,383","181,462","174,240","32,562",NDA,"6,753","623,144","1,258,011"
Egg Harbor City city,Atlantic,"Egg Harbor City city, Atlantic County",2020,"4,051","3,273",910,88,"10,385","7,301",51,NDA,"2,968","19,768","48,794"
Egg Harbor township,Atlantic,"Egg Harbor township, Atlantic County",2020,"25,515","23,705",226,213,"112,601","332,268","7,044",NDA,"9,927","232,932","744,431"
Elizabeth city,Union,"Elizabeth city, Union County",2020,"53,494","98,424","21,210","2,662","214,180","198,359","37,649",NDA,"8,453","587,312","1,221,743"
Elk township,Gloucester,"Elk township, Gloucester County",2020,"1,674",540,48,18,"6,103","5,600",47,NDA,"5,338","19,720","39,088"
Elmer borough,Salem,"Elmer borough, Salem County",2020,"6,987","2,932",89,17,"3,097","4,345",169,NDA,660,"5,987","24,282"
Elmwood Park borough,Bergen,"Elmwood Park borough, Bergen County",2020,"11,607","12,520","22,368",294,"26,965","35,945","1,143",NDA,"1,493","100,903","213,238"
Elsinboro township,Salem,"Elsinboro township, Salem County",2020,41,2,NDA,6,3,NDA,NDA,NDA,"2,324","1,907","4,284"
Emerson borough,Bergen,"Emerson borough, Bergen County",2020,"5,587","3,842",45,109,"13,748","3,153",61,NDA,"1,539","34,427","62,510"
Englewood city,Bergen,"Englewood city, Bergen County",2020,"20,177","28,946","1,738",736,"45,823","40,708","3,442",NDA,"4,223","121,606","267,399"
Englewood Cliffs borough,Bergen,"Englewood Cliffs borough, Bergen County",2020,"5,806","15,109",153,140,"18,203","6,760",112,NDA,32,"30,928","77,244"
Englishtown borough,Monmouth,"Englishtown borough, Monmouth County",2020,"2,013","2,171",5,35,"3,570","2,321",CWC,NDA,459,"9,007","19,579"
Essex Fells borough,Essex,"Essex Fells borough, Essex County",2020,"2,910",380,388,40,"8,460",488,NDA,13,130,"4,726","17,535"
Estell Manor city,Atlantic,"Estell Manor city, Atlantic County",2020,"1,518",395,16,2,479,369,NDA,NDA,"9,600","15,276","27,655"
Evesham township,Burlington,"Evesham township, Burlington County",2020,"38,473","33,810",182,554,"82,403","26,314",30,NDA,"4,197","182,411","368,374"
Ewing township,Mercer,"Ewing township, Mercer County",2020,"24,280","47,216","4,051",591,"45,812","66,689","10,048",NDA,"7,638","166,682","373,007"
Fair Haven borough,Monmouth,"Fair Haven borough, Monmouth County",2020,"5,961","1,319",NDA,42,"12,534","1,195",CWC,NDA,642,"15,514","37,206"
Fair Lawn borough,Bergen,"Fair Lawn borough, Bergen County",2020,"21,695","22,731","4,707",318,"55,738","17,659","16,334",NDA,"3,800","148,757","291,741"
Fairfield township,Cumberland,"Fairfield township, Cumberland County",2020,897,"2,274",110,32,"4,302","5,061",NDA,NDA,"5,151","18,497","36,325"
Fairfield township,Essex,"Fairfield township, Essex County",2020,"6,892","30,980","6,008",213,"17,246","32,174","3,624",NDA,890,"161,553","259,581"
Fairview borough,Bergen,"Fairview borough, Bergen County",2020,"6,351","5,416",892,230,"14,972","9,793",755,NDA,"1,008","35,819","75,235"
Fanwood borough,Union,"Fanwood borough, Union County",2020,"5,485","1,331",45,83,"17,852","1,788",NDA,NDA,"1,777","21,595","49,955"
Far Hills borough,Somerset,"Far Hills borough, Somerset County",2020,"1,690",549,NDA,5,"2,494",345,NDA,NDA,"1,054","5,222","11,359"
Farmingdale borough,Monmouth,"Farmingdale borough, Monmouth County",2020,"1,242","1,318",18,15,"2,142","1,120",CWC,NDA,58,"16,086","21,998"
Fieldsboro borough,Burlington,"Fieldsboro borough, Burlington County",2020,433,180,"3,520",15,758,160,"7,586",NDA,174,"2,389","15,213"
Flemington borough,Hunterdon,"Flemington borough, Hunterdon County",2020,"3,726","6,697",194,43,"7,842","11,340","24,492",NDA,"1,574","54,631","110,539"
Florence township,Burlington,"Florence township, Burlington County",2020,"9,374","13,555","4,419",161,"15,806","10,634",832,NDA,"5,808","70,314","130,904"
Florham Park borough,Morris,"Florham Park borough, Morris County",2020,"9,874","28,443","4,090",124,"23,597","11,433","2,990",NDA,299,"114,647","195,497"
Folsom borough,Atlantic,"Folsom borough, Atlantic County",2020,903,878,378,16,"3,288","2,790","2,206",NDA,"1,601","38,698","50,758"
Fort Lee borough,Bergen,"Fort Lee borough, Bergen County",2020,"21,442","38,270","1,714",362,"30,633","57,417",578,NDA,"6,330","105,330","262,076"
Frankford township,Sussex,"Frankford township, Sussex County",2020,"3,880","2,282",40,5,"1,617","3,841",NDA,NDA,"20,045","24,971","56,682"
Franklin borough,Sussex,"Franklin borough, Sussex County",2020,"4,133","4,132",213,30,"1,646","3,432",NDA,NDA,"10,918","23,301","47,806"
Franklin Lakes borough,Bergen,"Franklin Lakes borough, Bergen County",2020,"15,841","9,946",NDA,31,"45,797","7,615",44,NDA,921,"71,973","152,168"
Franklin township,Gloucester,"Franklin township, Gloucester County",2020,"11,820","3,698",381,87,"26,124","7,441",NDA,NDA,"15,794","73,039","138,384"
Franklin township,Hunterdon,"Franklin township, Hunterdon County",2020,"3,616","2,932",7,4,377,"1,552",NDA,NDA,"8,743","20,446","37,676"
Franklin township,Somerset,"Franklin township, Somerset County",2020,"44,307","118,312","25,932","1,155","98,342","68,256","11,759",NDA,"5,699","322,086","695,848"
Franklin township,Warren,"Franklin township, Warren County",2020,"3,067","1,774",199,8,"3,990","2,520",NDA,NDA,"5,041","9,974","26,572"
Fredon township,Sussex,"Fredon township, Sussex County",2020,"3,418",820,194,NDA,680,462,NDA,NDA,"8,209","10,461","24,244"
Freehold borough,Monmouth,"Freehold borough, Monmouth County",2020,"6,348","8,841","12,222",202,"14,317","48,309",CWC,NDA,"1,505","42,253","133,997"
Freehold township,Monmouth,"Freehold township, Monmouth County",2020,"30,514","36,921","5,381",276,"58,020","29,223",CWC,NDA,"3,261","217,594","381,190"
Frelinghuysen township,Warren,"Frelinghuysen township, Warren County",2020,"2,198",561,166,NDA,NDA,NDA,NDA,NDA,"6,421","5,398","14,744"
Frenchtown borough,Hunterdon,"Frenchtown borough, Hunterdon County",2020,"1,376",761,107,12,"1,458",704,NDA,NDA,"1,309","5,608","11,335"
Galloway township,Atlantic,"Galloway township, Atlantic County",2020,"23,786","33,948",126,141,"89,502","306,272",65,NDA,"10,202","157,214","621,255"
Garfield city,Bergen,"Garfield city, Bergen County",2020,"14,814","9,321","3,908",317,"39,845","15,936","1,001",NDA,"3,624","100,936","189,701"
Garwood borough,Union,"Garwood borough, Union County",2020,"2,875","3,107",550,71,"9,593","5,172",NDA,NDA,537,"21,118","43,023"
Gibbsboro borough,Camden,"Gibbsboro borough, Camden County",2020,"1,840","2,888",44,35,"6,725","6,582",6,NDA,474,"14,464","33,058"
Glassboro borough,Gloucester,"Glassboro borough, Gloucester County",2020,"12,811","20,944",120,171,"40,828","88,249","6,747",NDA,"1,317","95,290","266,477"
Glen Gardner borough,Hunterdon,"Glen Gardner borough, Hunterdon County",2020,"1,415",258,319,10,"3,209",186,NDA,NDA,"1,478","5,702","12,576"
Glen Ridge borough,Essex,"Glen Ridge borough, Essex County",2020,"5,960","6,201",NDA,59,"17,082","6,504",5,998,"2,009","12,477","51,294"
Glen Rock borough,Bergen,"Glen Rock borough, Bergen County",2020,"9,363","4,493",267,171,"25,762","5,223",174,NDA,614,"39,878","85,945"
Gloucester City city,Camden,"Gloucester City city, Camden County",2020,"7,828","8,422",65,259,"13,467","8,167",152,NDA,"2,512","42,994","83,867"
Gloucester township,Camden,"Gloucester township, Camden County",2020,"37,930","16,577","1,663",591,"139,503","218,421",700,NDA,"11,722","248,639","675,746"
Green Brook township,Somerset,"Green Brook township, Somerset County",2020,"5,815","5,390",391,120,"13,317","4,711",267,NDA,564,"39,108","69,684"
Green township,Sussex,"Green township, Sussex County",2020,"4,240","1,497",398,1,NDA,NDA,NDA,NDA,"5,324","7,482","18,942"
Greenwich township,Cumberland,"Greenwich township, Cumberland County",2020,717,100,NDA,7,"4,875","3,322",140,NDA,"1,954","1,623","12,739"
Greenwich township,Gloucester,"Greenwich township, Gloucester County",2020,"3,814","2,785","1,741",65,"9,399","3,511",140,NDA,"3,780","28,471","53,706"
Greenwich township,Warren,"Greenwich township, Warren County",2020,"4,654","4,247","1,206",14,"13,702","4,952",NDA,NDA,"4,440","15,890","49,106"
Guttenberg town,Hudson,"Guttenberg town, Hudson County",2020,"3,922","6,720",68,119,"7,114","8,037",146,NDA,"1,002","13,672","40,799"
Hackensack city,Bergen,"Hackensack city, Bergen County",2020,"25,989","68,149",997,672,"30,860","79,760","1,463",NDA,"4,710","304,122","516,722"
Hackettstown town,Warren,"Hackettstown town, Warren County",2020,"6,909","9,063",845,89,"15,271","24,199","75,962",NDA,"4,131","54,007","190,476"
Haddon Heights borough,Camden,"Haddon Heights borough, Camden County",2020,"6,025","2,984",40,59,"11,435","3,314",38,NDA,"1,944","30,285","56,124"
Haddon township,Camden,"Haddon township, Camden County",2020,"10,807","14,410",254,235,"19,587","11,775",86,NDA,"3,063","47,057","107,274"
Haddonfield borough,Camden,"Haddonfield borough, Camden County",2020,"11,490","4,557",54,129,"21,912","4,680",30,NDA,"1,289","48,120","92,262"
Hainesport township,Burlington,"Hainesport township, Burlington County",2020,"5,483","2,794",430,96,"7,834","5,338","1,653",NDA,"4,273","29,663","57,565"
Haledon borough,Passaic,"Haledon borough, Passaic County",2020,"4,339","2,907","2,156",112,"12,640","14,908","2,834",NDA,921,"20,002","60,819"
Hamburg borough,Sussex,"Hamburg borough, Sussex County",2020,"3,193","1,078","1,040",23,"5,612","4,393","1,031",NDA,"4,702","13,869","34,940"
Hamilton township,Atlantic,"Hamilton township, Atlantic County",2020,"27,961","27,003",92,209,"53,741","46,009",107,NDA,"17,257","279,769","452,148"
Hamilton township,Mercer,"Hamilton township, Mercer County",2020,"64,016","68,156","5,071","1,068","120,684","72,765","4,849",NDA,"12,293","421,795","770,698"
Hammonton town,Atlantic,"Hammonton town, Atlantic County",2020,"13,295","13,768","1,115",119,"33,601","22,476",268,NDA,"5,668","140,514","230,824"
Hampton borough,Hunterdon,"Hampton borough, Hunterdon County",2020,"1,423",365,227,8,"1,069",684,NDA,NDA,"1,724","5,469","10,969"
Hampton township,Sussex,"Hampton township, Sussex County",2020,"4,819","3,519",1,8,"2,854","3,047",NDA,NDA,"10,737","18,412","43,397"
Hanover township,Morris,"Hanover township, Morris County",2020,"11,534","26,716","15,013",211,"27,629","23,986","16,610",NDA,800,"135,490","257,990"
Harding township,Morris,"Harding township, Morris County",2020,"7,404","3,887",77,1,"17,586","1,031",NDA,NDA,"1,070","13,658","44,715"
Hardwick township,Warren,"Hardwick township, Warren County",2020,"1,583",445,NDA,1,NDA,NDA,NDA,NDA,"3,635","4,221","9,884"
Hardyston township,Sussex,"Hardyston township, Sussex County",2020,"6,851","3,140",92,24,"12,813","5,589",NDA,NDA,"10,278","28,463","67,250"
Harmony township,Warren,"Harmony township, Warren County",2020,"2,582",760,97,0,8,NDA,NDA,NDA,"9,926","9,121","22,494"
Harrington Park borough,Bergen,"Harrington Park borough, Bergen County",2020,"3,972",803,NDA,7,"11,413",667,18,NDA,173,"17,570","34,622"
Harrison town,Hudson,"Harrison town, Hudson County",2020,"8,899","13,783",475,409,"16,203","10,612",984,NDA,"2,623","36,287","90,274"
Harrison township,Gloucester,"Harrison township, Gloucester County",2020,"14,632","9,209",372,90,"43,124","24,066",121,NDA,"3,451","64,452","159,517"
Harvey Cedars borough,Ocean,"Harvey Cedars borough, Ocean County",2020,"2,193",400,NDA,17,"2,629",381,CWC,NDA,57,"1,555","7,232"
Hasbrouck Heights borough,Bergen,"Hasbrouck Heights borough, Bergen County",2020,"7,973","6,153",102,393,"18,542","7,410",105,NDA,"1,566","44,658","86,901"
Haworth borough,Bergen,"Haworth borough, Bergen County",2020,"3,180","11,688",62,47,"9,394","12,239",18,NDA,35,"13,647","50,310"
Hawthorne borough,Passaic,"Hawthorne borough, Passaic County",2020,"12,759","7,419","3,020",186,"33,780","9,338","1,248",NDA,"1,766","74,922","144,439"
Hazlet township,Monmouth,"Hazlet township, Monmouth County",2020,"13,339","9,681","1,291",150,"27,465","9,609",CWC,NDA,"1,804","82,436","145,776"
Helmetta borough,Middlesex,"Helmetta borough, Middlesex County",2020,"1,792",369,0,24,"3,332",299,NDA,NDA,74,"7,460","13,350"
High Bridge borough,Hunterdon,"High Bridge borough, Hunterdon County",2020,"3,523","1,724","1,100",27,"3,620","1,273","38,654",NDA,"5,311","13,770","69,002"
Highland Park borough,Middlesex,"Highland Park borough, Middlesex County",2020,"8,597","4,570",60,186,"16,229","11,301",49,NDA,"2,626","41,875","85,493"
Highlands borough,Monmouth,"Highlands borough, Monmouth County",2020,"4,292","2,713",8,49,"7,089","1,906",CWC,NDA,271,"18,049","34,377"
Hightstown borough,Mercer,"Hightstown borough, Mercer County",2020,"3,468","5,036",478,57,"8,530","6,276",280,NDA,705,"22,488","47,319"
Hillsborough township,Somerset,"Hillsborough township, Somerset County",2020,"33,250","23,511","4,897",466,"57,274","14,382","8,054",NDA,"7,104","154,944","303,882"
Hillsdale borough,Bergen,"Hillsdale borough, Bergen County",2020,"8,152","3,858",2,101,"21,381","4,459",3,NDA,722,"36,911","75,590"
Hillside township,Union,"Hillside township, Union County",2020,"11,783","11,097","8,382",299,"56,671","27,084","60,145",NDA,"4,954","87,518","267,933"
Hi-Nella borough,Camden,"Hi-Nella borough, Camden County",2020,546,127,NDA,6,859,"13,217",NDA,NDA,175,"3,379","18,309"
Hoboken city,Hudson,"Hoboken city, Hudson County",2020,"33,322","48,916","1,424",734,"25,982","52,435","2,632",NDA,"4,667","101,897","272,009"
Ho-Ho-Kus borough,Bergen,"Ho-Ho-Kus borough, Bergen County",2020,"4,430","1,354",68,56,"12,343","1,582",12,NDA,95,"13,880","33,819"
Holland township,Hunterdon,"Holland township, Hunterdon County",2020,"5,416",873,913,15,"1,644",874,NDA,NDA,"13,516","15,299","38,549"
Holmdel township,Monmouth,"Holmdel township, Monmouth County",2020,"18,028","17,493","4,558",165,"38,558","9,755",CWC,NDA,"1,440","99,064","189,060"
Hopatcong borough,Sussex,"Hopatcong borough, Sussex County",2020,"14,355","1,994",75,34,NDA,NDA,NDA,NDA,"24,845","36,290","77,594"
Hope township,Warren,"Hope township, Warren County",2020,"1,945",587,1,3,NDA,NDA,NDA,NDA,"9,314","7,065","18,915"
Hopewell borough,Mercer,"Hopewell borough, Mercer County",2020,"1,493","2,956",21,24,"5,198","1,183","2,867",NDA,632,"11,002","25,376"
Hopewell township,Cumberland,"Hopewell township, Cumberland County",2020,56,215,NDA,9,"3,171","1,929",NDA,NDA,"6,494","10,889","22,762"
Hopewell township,Mercer,"Hopewell township, Mercer County",2020,"17,580","16,163","15,296",275,"34,881","8,220","2,851",NDA,"23,382","115,216","233,862"
Howell township,Monmouth,"Howell township, Monmouth County",2020,"42,105","24,563","1,116",364,"73,011","31,951",CWC,NDA,"14,155","208,146","395,412"
Independence township,Warren,"Independence township, Warren County",2020,"4,762","1,100",114,16,"6,592","1,063",NDA,NDA,"7,870","13,531","35,048"
Interlaken borough,Monmouth,"Interlaken borough, Monmouth County",2020,"1,040",8,18,11,"2,774",18,CWC,NDA,42,"1,630","5,541"
Irvington township,Essex,"Irvington township, Essex County",2020,"23,327","19,109","1,931","1,073","69,209","44,475","3,463",NDA,"6,002","111,194","279,782"
Island Heights borough,Ocean,"Island Heights borough, Ocean County",2020,"1,694",425,1,11,"3,433",485,CWC,NDA,127,"4,655","10,831"
Jackson township,Ocean,"Jackson township, Ocean County",2020,"47,615","18,673","1,114",480,"82,214","20,434",CWC + NDA,NDA,"19,993","170,405","360,928"
Jamesburg borough,Middlesex,"Jamesburg borough, Middlesex County",2020,"4,653","2,451",38,48,"7,555","2,970",58,NDA,561,"24,641","42,974"
Jefferson township,Morris,"Jefferson township, Morris County",2020,"19,045","6,251","1,084",52,"7,668","2,702",CWC + NDA,NDA,"41,403","88,682","166,887"
Jersey City city,Hudson,"Jersey City city , Hudson County",2020,"137,670","288,968","27,265","5,637","229,644","237,984","10,090",NDA,"35,083","573,525","1,545,866"
Keansburg borough,Monmouth,"Keansburg borough, Monmouth County",2020,"5,990","3,075",305,96,"11,843","3,212",CWC,NDA,794,"19,665","44,980"
Kearny town,Hudson,"Kearny town, Hudson County",2020,"18,189","67,311","3,084",788,"51,771","43,039","15,746",NDA,"6,643","139,314","345,885"
Kenilworth borough,Union,"Kenilworth borough, Union County",2020,"5,222","7,002","3,856",101,"18,099","15,250","141,105",NDA,788,"94,250","285,673"
Keyport borough,Monmouth,"Keyport borough, Monmouth County",2020,"4,908","4,497",57,111,"9,084","4,457",CWC,NDA,"1,388","34,019","58,520"
Kingwood township,Hunterdon,"Kingwood township, Hunterdon County",2020,"4,233","1,008",895,7,439,"1,366","1,481",NDA,"9,712","10,966","30,107"
Kinnelon borough,Morris,"Kinnelon borough, Morris County",2020,319,17,NDA,NDA,"17,242","2,661",CWC + NDA,NDA,"5,998","34,978","61,214"
Knowlton township,Warren,"Knowlton township, Warren County",2020,"3,077","1,656",4,14,NDA,NDA,NDA,NDA,"12,751","8,134","25,636"
Lacey township,Ocean,"Lacey township, Ocean County",2020,"25,630","16,927",251,280,"47,853","6,546",CWC,NDA,"2,627","90,315","190,429"
Lafayette township,Sussex,"Lafayette township, Sussex County",2020,"1,563","1,572",23,2,223,"3,638",NDA,NDA,"5,141","14,429","26,591"
Lake Como borough,Monmouth,"Lake Como borough, Monmouth County",2020,"1,293",558,2,21,"2,958",553,CWC,NDA,121,"5,016","10,521"
Lakehurst borough,Ocean,"Lakehurst borough, Ocean County",2020,"1,844","2,655",NDA,95,"6,744","12,046",CWC,NDA,"1,601","10,930","35,915"
Lakewood township,Ocean,"Lakewood township, Ocean County",2020,"75,702","63,250","5,050","1,350","102,678","180,975",CWC,NDA,"5,180","278,906","713,091"
Lambertville city,Hunterdon,"Lambertville city, Hunterdon County",2020,"3,916","1,934","1,551",31,"9,644","3,553",NDA,NDA,"2,540","8,973","32,141"
Laurel Springs borough,Camden,"Laurel Springs borough, Camden County",2020,"2,538","1,670",517,18,"6,009","3,120",NDA,NDA,543,"5,409","19,825"
Lavallette borough,Ocean,"Lavallette borough, Ocean County",2020,"1,396",69,NDA,15,"7,917","1,043",CWC,NDA,69,"5,730","16,239"
Lawnside borough,Camden,"Lawnside borough, Camden County",2020,"2,252","3,619",0,83,"5,728","7,430",NDA,NDA,842,"17,876","37,830"
Lawrence township,Cumberland,"Lawrence township, Cumberland County",2020,"2,122","1,335",13,26,"2,340","1,116",3,NDA,"8,043","12,481","27,479"
Lawrence township,Mercer,"Lawrence township, Mercer County",2020,"22,998","36,131","11,230",373,"47,407","48,834","19,867",NDA,"3,046","214,346","404,232"
Lebanon borough,Hunterdon,"Lebanon borough, Hunterdon County",2020,"1,280","1,475",266,9,"3,183","4,129",NDA,NDA,"1,079","18,965","30,386"
Lebanon township,Hunterdon,"Lebanon township, Hunterdon County",2020,"6,750","2,627",194,9,514,866,NDA,NDA,"16,957","19,201","47,118"
Leonia borough,Bergen,"Leonia borough, Bergen County",2020,"5,445","4,328",7,135,"14,937","5,184",477,NDA,758,"23,441","54,712"
Liberty township,Warren,"Liberty township, Warren County",2020,"2,783",312,39,0,NDA,NDA,NDA,NDA,"9,580","7,712","20,426"
Lincoln Park borough,Morris,"Lincoln Park borough, Morris County",2020,"7,293","5,664","1,753",63,"15,208","6,396",CWC,NDA,"3,129","53,594","93,100"
Linden city,Union,"Linden city, Union County",2020,"22,114","37,963","45,703",954,"86,958","82,558","1,423,616",NDA,"7,778","198,088","1,905,730"
Lindenwold borough,Camden,"Lindenwold borough, Camden County",2020,"11,750","4,503",70,73,"25,897","158,334",116,NDA,"3,021","46,283","250,048"
Linwood city,Atlantic,"Linwood city, Atlantic County",2020,"7,125","4,086",1,83,"26,127","9,138",NDA,NDA,716,"23,844","71,121"
Little Egg Harbor township,Ocean,"Little Egg Harbor township, Ocean County",2020,"14,022","4,780",1,239,"30,550","4,254",CWC,NDA,"5,933","46,922","106,701"
Little Falls township,Passaic,"Little Falls township, Passaic County",2020,"8,440","10,843",411,165,"18,324","44,689",380,NDA,"1,972","61,014","146,238"
Little Ferry borough,Bergen,"Little Ferry borough, Bergen County",2020,"6,492","6,253","8,428",87,"11,674","9,773","3,381",NDA,"1,020","41,249","88,357"
Little Silver borough,Monmouth,"Little Silver borough, Monmouth County",2020,"6,707","3,282",14,41,"13,768","2,593",CWC,NDA,571,"24,120","51,097"
Livingston township,Essex,"Livingston township, Essex County",2020,"26,505","36,304","2,273",433,"68,888","24,876",474,NDA,"1,598","154,499","315,850"
Loch Arbour village,Monmouth,"Loch Arbour village, Monmouth County",2020,462,51,NDA,5,"1,068",78,CWC,NDA,8,456,"2,129"
Lodi borough,Bergen,"Lodi borough, Bergen County",2020,"13,509","9,034","2,681",298,"26,929","17,362","2,835",NDA,"4,998","83,288","160,933"
Logan township,Gloucester,"Logan township, Gloucester County",2020,739,"20,167","8,350",63,"9,355","48,127","20,685",NDA,"3,169","83,100","193,755"
Long Beach township,Ocean,"Long Beach township, Ocean County",2020,"11,992","1,841",4,231,"20,608","1,528",CWC,NDA,233,"9,965","46,402"
Long Branch city,Monmouth,"Long Branch city, Monmouth County",2020,"22,326","21,706",216,399,"42,633","28,481",CWC,NDA,"1,793","113,694","231,247"
Long Hill township,Morris,"Long Hill township, Morris County",2020,"7,721","4,414",478,95,"16,466","4,028",445,NDA,"2,885","44,685","81,216"
Longport borough,Atlantic,"Longport borough, Atlantic County",2020,"3,196","1,146",9,40,"11,178",820,NDA,NDA,42,"4,314","20,745"
Lopatcong township,Warren,"Lopatcong township, Warren County",2020,"6,760","4,182","1,071",21,"17,521","8,977",NDA,NDA,"3,962","24,865","67,358"
Lower Alloways Creek township,Salem,"Lower Alloways Creek township, Salem County",2020,442,102,1,23,NDA,NDA,NDA,NDA,"6,209","13,314","20,090"
Lower township,Cape May,"Lower township, Cape May County",2020,"20,267","8,715","2,138",231,"50,320","26,884",7,NDA,"11,551","54,498","174,610"
Lumberton township,Burlington,"Lumberton township, Burlington County",2020,"10,076","9,169",972,142,"15,369","8,255",0,NDA,"1,755","58,217","103,956"
Lyndhurst township,Bergen,"Lyndhurst township, Bergen County",2020,"13,979","27,227","4,129",233,"30,711","16,493","8,226",NDA,"2,751","112,283","216,033"
Madison borough,Morris,"Madison borough, Morris County",2020,2,1,NDA,NDA,"30,173","14,981",394,NDA,"1,050","81,661","128,261"
Magnolia borough,Camden,"Magnolia borough, Camden County",2020,"2,983","1,772",281,51,"13,246","21,851",29,NDA,"1,039","13,570","54,823"
Mahwah township,Bergen,"Mahwah township, Bergen County",2020,"20,350","44,370",175,174,"54,467","27,772",778,NDA,"5,436","149,204","302,726"
Manalapan township,Monmouth,"Manalapan township, Monmouth County",2020,"35,975","16,815","1,831",399,"71,973","11,752",CWC,NDA,"3,800","134,824","277,370"
Manasquan borough,Monmouth,"Manasquan borough, Monmouth County",2020,"6,751","3,774",97,51,"13,175","2,801",CWC,NDA,"1,060","19,391","47,101"
Manchester township,Ocean,"Manchester township, Ocean County",2020,"56,251","16,089","3,300",470,"41,350","6,668",CWC,NDA,"9,230","119,373","252,732"
Mannington township,Salem,"Mannington township, Salem County",2020,975,"1,283",1,12,492,"3,908","14,018",NDA,"3,922","17,120","41,729"
Mansfield township,Burlington,"Mansfield township, Burlington County",2020,"7,638","3,819",274,124,"14,393","2,994","2,097",NDA,"4,388","42,237","77,965"
Mansfield township,Warren,"Mansfield township, Warren County",2020,"5,668","5,535","4,935",14,"8,824","8,860","5,210",NDA,"9,165","22,712","70,924"
Mantoloking borough,Ocean,"Mantoloking borough, Ocean County",2020,"1,820",94,4,120,"11,696",313,CWC,NDA,8,747,"14,802"
Mantua township,Gloucester,"Mantua township, Gloucester County",2020,"25,878","11,756",540,86,"41,003","7,981",569,NDA,"2,138","71,242","161,195"
Manville borough,Somerset,"Manville borough, Somerset County",2020,"6,344","3,332",29,152,"15,189","4,014",32,NDA,599,"38,590","68,281"
Maple Shade township,Burlington,"Maple Shade township, Burlington County",2020,"13,315","12,488","1,006",281,"19,181","16,518",121,NDA,"7,751","64,767","135,427"
Maplewood township,Essex,"Maplewood township, Essex County",2020,"15,739","9,880",219,400,"45,207","19,742",449,NDA,"4,573","62,449","158,657"
Margate City city,Atlantic,"Margate City city, Atlantic County",2020,"10,815","3,700",NDA,121,"40,449","8,115",NDA,NDA,302,"11,539","75,041"
Marlboro township,Monmouth,"Marlboro township, Monmouth County",2020,"37,867","15,832",971,523,"87,470","13,967",CWC,NDA,"3,677","164,085","324,392"
Matawan borough,Monmouth,"Matawan borough, Monmouth County",2020,"8,117","4,519",743,96,"11,998","7,518",CWC,NDA,"1,131","44,453","78,575"
Maurice River township,Cumberland,"Maurice River township, Cumberland County",2020,"2,027","5,636",814,39,"3,162","83,675",30,NDA,"3,063","41,814","140,261"
Maywood borough,Bergen,"Maywood borough, Bergen County",2020,"6,001","4,760",948,133,"14,340","6,161","9,069",NDA,"1,474","34,571","77,456"
Medford Lakes borough,Burlington,"Medford Lakes borough, Burlington County",2020,"3,821",588,NDA,33,"14,191","2,618",NDA,NDA,"2,049","11,338","34,638"
Medford township,Burlington,"Medford township, Burlington County",2020,"23,399","11,966",484,298,"70,815","17,117",NDA,NDA,"6,118","98,093","228,291"
Mendham borough,Morris,"Mendham borough, Morris County",2020,"5,534","2,897",167,26,"14,425","2,677",6,NDA,671,"24,942","51,346"
Mendham township,Morris,"Mendham township, Morris County",2020,"8,604","1,044",212,5,"19,934","1,415",7,NDA,"1,198","17,750","50,168"
Merchantville borough,Camden,"Merchantville borough, Camden County",2020,"2,841",794,440,59,"5,748","2,098",19,NDA,601,"11,280","23,880"
Metuchen borough,Middlesex,"Metuchen borough, Middlesex County",2020,"10,141","9,561",515,235,"42,330","14,030","13,788",NDA,"2,209","57,766","150,575"
Middle township,Cape May,"Middle township, Cape May County",2020,"18,450","22,950",182,203,"43,162","27,582",73,NDA,"10,571","147,920","271,094"
Middlesex borough,Middlesex,"Middlesex borough, Middlesex County",2020,"8,805","9,282","1,762",170,"18,884","14,015","3,283",NDA,630,"84,609","141,440"
Middletown township,Monmouth,"Middletown township, Monmouth County",2020,"59,498","61,583","3,396",682,"116,425","30,546",CWC,NDA,"8,239","257,881","538,250"
Midland Park borough,Bergen,"Midland Park borough, Bergen County",2020,"4,983","3,745",173,121,"13,856","4,855",128,NDA,983,"40,633","69,478"
Milford borough,Hunterdon,"Milford borough, Hunterdon County",2020,"1,395",536,96,12,70,48,"6,214",NDA,"3,159","4,664","16,194"
Millburn township,Essex,"Millburn township, Essex County",2020,"21,902","21,203","4,175",217,"56,310","14,023",160,NDA,"2,105","124,499","244,593"
Millstone borough,Somerset,"Millstone borough, Somerset County",2020,378,60,5,15,811,96,21,NDA,53,"1,128","2,566"
Millstone township,Monmouth,"Millstone township, Monmouth County",2020,"12,266","3,590",58,77,"24,516","7,899",204,NDA,"3,065","27,584","79,259"
Milltown borough,Middlesex,"Milltown borough, Middlesex County",2020,23,NDA,NDA,NDA,"11,974","3,134",191,NDA,163,"40,338","55,823"
Millville city,Cumberland,"Millville city, Cumberland County",2020,"21,606","20,160","30,169",414,"56,553","42,043","143,635",NDA,"20,078","82,395","417,054"
Mine Hill township,Morris,"Mine Hill township, Morris County",2020,"3,021",962,58,40,"3,839","1,011",CWC,NDA,"2,497","12,526","23,954"
Monmouth Beach borough,Monmouth,"Monmouth Beach borough, Monmouth County",2020,"4,716","1,202","1,408",44,"7,491","1,875",CWC,NDA,"1,724","10,898","29,358"
Monroe township,Gloucester,"Monroe township, Gloucester County",2020,"27,857","14,928",631,238,"88,022","67,641","6,637",NDA,"11,510","143,100","360,564"
Monroe township,Middlesex,"Monroe township, Middlesex County",2020,"51,408","33,725","9,559",679,"82,899","19,850",409,NDA,"5,233","130,570","334,332"
Montague township,Sussex,"Montague township, Sussex County",2020,"4,315","1,058",26,13,NDA,NDA,NDA,NDA,"7,592","6,462","19,467"
Montclair township,Essex,"Montclair township, Essex County",2020,"28,170","17,042",945,673,"78,264","32,369",367,4,"8,237","170,480","336,550"
Montgomery township,Somerset,"Montgomery township, Somerset County",2020,"19,516","11,486","3,167",203,"42,245","12,058","1,858",NDA,"2,803","73,428","166,764"
Montvale borough,Bergen,"Montvale borough, Bergen County",2020,"7,390","17,491",NDA,35,"19,043","14,219",221,NDA,580,"35,847","94,826"
Montville township,Morris,"Montville township, Morris County",2020,"20,975","17,895","3,906",192,"41,260","12,968",CWC + NDA,NDA,"8,502","129,681","235,379"
Moonachie borough,Bergen,"Moonachie borough, Bergen County",2020,"1,888","8,901","5,394",57,"3,852","15,768","6,793",NDA,761,"52,509","95,922"
Moorestown township,Burlington,"Moorestown township, Burlington County",2020,"21,304","29,285","20,497",321,"39,502","23,835","1,469",NDA,"2,031","132,759","271,002"
Morris Plains borough,Morris,"Morris Plains borough, Morris County",2020,"4,632","12,153","1,833",59,"11,825","7,919",64,NDA,411,"49,978","88,874"
Morris township,Morris,"Morris township, Morris County",2020,"19,573","16,599","1,538",169,"49,120","13,981","2,829",92,"2,550","90,430","196,881"
Morristown Town,Morris,"Morristown Town, Morris County",2020,"13,630","42,387",432,259,"25,124","42,461",472,3,"1,884","218,184","344,836"
Mount Arlington borough,Morris,"Mount Arlington borough, Morris County",2020,"4,665","2,793",33,62,"5,360","5,390",CWC,NDA,"3,323","27,955","49,582"
Mount Ephraim borough,Camden,"Mount Ephraim borough, Camden County",2020,"3,397","1,564",188,55,"5,785","1,697",10,NDA,760,"16,143","29,599"
Mount Holly township,Burlington,"Mount Holly township, Burlington County",2020,"6,919","11,213","1,273",204,"12,829","9,449",418,NDA,"4,260","50,890","97,455"
Mount Laurel township,Burlington,"Mount Laurel township, Burlington County",2020,"37,901","63,462","2,820",628,"56,117","27,861","4,700",NDA,"3,908","249,637","447,034"
Mount Olive township,Morris,"Mount Olive township, Morris County",2020,"20,910","24,949","6,710",145,"36,294","34,579",CWC + NDA,NDA,"19,428","143,908","286,924"
Mountain Lakes borough,Morris,"Mountain Lakes borough, Morris County",2020,"4,398","2,489",783,41,"11,785","2,379",CWC,NDA,649,"27,131","49,655"
Mountainside borough,Union,"Mountainside borough, Union County",2020,"6,603","6,489",716,87,"21,930","8,769",NDA,NDA,733,"57,670","102,998"
Mullica township,Atlantic,"Mullica township, Atlantic County",2020,"4,558","1,314",12,19,"6,078","1,157",10,NDA,"16,702","66,983","96,833"
National Park borough,Gloucester,"National Park borough, Gloucester County",2020,"2,348",448,9,35,"2,982",397,2,NDA,638,"10,195","17,054"
Neptune City borough,Monmouth,"Neptune City borough, Monmouth County",2020,"3,369","8,343",NDA,26,"5,632","4,512",CWC,NDA,511,"17,295","39,688"
Neptune township,Monmouth,"Neptune township, Monmouth County",2020,"20,823","25,619","3,216",232,"41,007","19,216",CWC,NDA,"3,163","133,571","246,847"
Netcong borough,Morris,"Netcong borough, Morris County",2020,"2,320","1,681",73,26,"2,025","2,888",CWC,NDA,"4,134","25,332","38,480"
New Brunswick city,Middlesex,"New Brunswick city, Middlesex County",2020,"19,957","90,132","20,097","1,395","39,914","161,277","5,539",NDA,"3,488","240,723","582,522"
New Hanover township,Burlington,"New Hanover township, Burlington County",2020,"3,013","30,461",NDA,23,"3,324","36,837",NDA,NDA,"1,551","35,664","110,873"
New Milford borough,Bergen,"New Milford borough, Bergen County",2020,"10,596","3,259",3,129,"23,449","12,761",303,NDA,"1,800","51,117","103,415"
New Providence borough,Union,"New Providence borough, Union County",2020,"9,820","7,300",856,99,"23,646","9,208",711,NDA,415,"65,095","117,149"
Newark city,Essex,"Newark city, Essex County",2020,"114,156","417,899","48,583","8,803","302,925","465,241","103,323",NDA,"29,786","1,194,028","2,684,744"
Newfield borough,Gloucester,"Newfield borough, Gloucester County",2020,"3,529","2,003",33,15,"7,014","1,061",106,NDA,885,"8,902","23,548"
Newton town,Sussex,"Newton town, Sussex County",2020,"5,632","12,412",417,63,"10,647","15,208","4,091",NDA,"4,511","39,085","92,066"
North Arlington borough,Bergen,"North Arlington borough, Bergen County",2020,"8,900","5,131",77,232,"21,741","11,422",255,NDA,"2,794","49,919","100,472"
North Bergen township,Hudson,"North Bergen township, Hudson County",2020,"26,634","58,199","2,379","1,106","53,013","61,028","3,755",NDA,"7,454","165,007","378,573"
North Brunswick township,Middlesex,"North Brunswick township, Middlesex County",2020,"24,131","28,853","2,951",494,"53,779","33,477","1,855",NDA,"2,238","207,732","355,510"
North Caldwell borough,Essex,"North Caldwell borough, Essex County",2020,"7,539","1,602",23,96,"20,229","1,870",17,NDA,772,"13,204","45,352"
North Haledon borough,Passaic,"North Haledon borough, Passaic County",2020,"6,952","2,356",55,67,"18,992","3,687",13,NDA,789,"26,439","59,350"
North Hanover township,Burlington,"North Hanover township, Burlington County",2020,"3,933","1,581",NDA,18,420,375,NDA,NDA,"4,753","23,884","34,964"
North Plainfield borough,Somerset,"North Plainfield borough, Somerset County",2020,"11,025","6,571",122,274,"25,044","14,262",594,NDA,"2,439","68,259","128,590"
North Wildwood city,Cape May,"North Wildwood city, Cape May County",2020,"8,398","4,737",1,73,"19,975","6,749",NDA,NDA,NDA,"7,894","47,827"
Northfield city,Atlantic,"Northfield city, Atlantic County",2020,"6,192","6,307",NDA,97,"25,735","10,453",NDA,NDA,818,"44,609","94,210"
Northvale borough,Bergen,"Northvale borough, Bergen County",2020,"3,272","6,876",721,27,"9,293","6,100","1,236",NDA,"1,705","17,332","46,562"
Norwood borough,Bergen,"Norwood borough, Bergen County",2020,"4,723","3,136",27,14,"14,018","3,378",419,NDA,181,"14,575","40,470"
Nutley township,Essex,"Nutley township, Essex County",2020,"19,358","11,343",788,440,"45,761","17,164","31,231",NDA,"4,342","97,541","227,967"
Oakland borough,Bergen,"Oakland borough, Bergen County",2020,"10,215","8,824",NDA,69,"26,889","11,519",611,NDA,"1,907","76,289","136,322"
Oaklyn borough,Camden,"Oaklyn borough, Camden County",2020,"2,946",867,1,52,"5,332","1,443",8,NDA,"1,463","11,677","23,791"
Ocean City city,Cape May,"Ocean City city, Cape May County",2020,"27,755","11,144",9,265,"70,185","18,086",161,NDA,636,"34,803","163,043"
Ocean Gate borough,Ocean,"Ocean Gate borough, Ocean County",2020,"2,008",291,30,10,"3,650",350,CWC,NDA,53,"4,837","11,229"
Ocean township,Monmouth,"Ocean township, Monmouth County",2020,"24,822","16,827",218,197,"47,363","21,329",CWC,NDA,"2,428","126,412","239,596"
Ocean township,Ocean,"Ocean township, Ocean County",2020,"8,150","3,746",4,134,"16,299","1,822",CWC,NDA,"2,982","23,295","56,433"
Oceanport borough,Monmouth,"Oceanport borough, Monmouth County",2020,"5,335","2,053","1,698",55,"11,849","2,754",CWC,NDA,733,"40,861","65,337"
Ogdensburg borough,Sussex,"Ogdensburg borough, Sussex County",2020,"1,908",391,673,11,"1,074",196,NDA,NDA,"4,724","11,363","20,340"
Old Bridge township,Middlesex,"Old Bridge township, Middlesex County",2020,"43,341","27,395","2,349",604,"81,851","43,901","13,409",NDA,"6,723","243,734","463,305"
Old Tappan borough,Bergen,"Old Tappan borough, Bergen County",2020,"6,378","1,564",NDA,22,"17,554","2,163",9,NDA,380,"12,269","40,339"
Oldmans township,Salem,"Oldmans township, Salem County",2020,"1,597","5,679","17,338",15,"2,388","4,213","101,730",NDA,"1,980","44,407","179,346"
Oradell borough,Bergen,"Oradell borough, Bergen County",2020,"6,598","3,664",76,152,"17,551","4,102",8,NDA,562,"37,219","69,932"
Oxford township,Warren,"Oxford township, Warren County",2020,"2,118","1,112",184,31,"2,288",440,"5,087",NDA,"4,502","10,916","26,678"
Palisades Park borough,Bergen,"Palisades Park borough, Bergen County",2020,"10,558","7,196",860,131,"22,773","13,969","1,873",NDA,"1,969","56,558","115,888"
Palmyra borough,Burlington,"Palmyra borough, Burlington County",2020,"5,781","2,316",422,117,"9,693","2,857",392,24,"1,187","22,489","45,279"
Paramus borough,Bergen,"Paramus borough, Bergen County",2020,"19,717","68,585",730,658,"52,512","39,472",418,NDA,879,"356,348","539,318"
Park Ridge borough,Bergen,"Park Ridge borough, Bergen County",2020,1,NDA,NDA,NDA,"18,765","3,967",164,NDA,"1,247","28,093","52,237"
Parsippany-Troy Hills township,Morris,"Parsippany-Troy Hills township, Morris County",2020,"33,885","95,135","12,668",361,"65,427","50,526",720,NDA,"11,572","411,389","681,683"
Passaic city,Passaic,"Passaic city, Passaic County",2020,"26,956","28,705","3,724","1,384","63,439","46,209","3,794",NDA,"4,743","159,561","338,516"
Paterson city,Passaic,"Paterson city, Passaic County",2020,"64,105","78,657","9,889","3,647","182,398","123,422","14,503",NDA,"7,924","418,553","903,097"
Paulsboro borough,Gloucester,"Paulsboro borough, Gloucester County",2020,"4,601","5,223","5,905",67,"9,525","11,233","254,585",NDA,"4,624","25,921","321,684"
Peapack and Gladstone borough,Somerset,"Peapack and Gladstone borough, Somerset County",2020,"2,965","1,863",272,13,"4,641","3,590",NDA,NDA,"2,480","15,926","31,750"
Pemberton borough,Burlington,"Pemberton borough, Burlington County",2020,25,"1,905",NDA,NDA,"2,002",652,5,NDA,802,"5,524","10,914"
Pemberton township,Burlington,"Pemberton township, Burlington County",2020,"22,022","10,369",36,424,"21,261","8,533",35,NDA,"17,949","103,525","184,155"
Pennington borough,Mercer,"Pennington borough, Mercer County",2020,"2,374","2,450",26,42,"8,451","4,446","29,459",NDA,"1,183","15,650","64,081"
Penns Grove borough,Salem,"Penns Grove borough, Salem County",2020,"5,188","3,109",266,58,"10,980","12,822",NDA,NDA,"1,246","5,544","39,213"
Pennsauken township,Camden,"Pennsauken township, Camden County",2020,"22,659","48,665","12,726",710,"45,940","42,253","19,129",NDA,"5,781","147,662","345,525"
Pennsville township,Salem,"Pennsville township, Salem County",2020,"11,323","5,631","3,261",135,"22,060","21,317","18,157",NDA,"3,920","51,734","137,537"
Pequannock township,Morris,"Pequannock township, Morris County",2020,"11,096","9,057","4,455",105,"26,742","17,405",365,NDA,"1,784","78,161","149,171"
Perth Amboy city,Middlesex,"Perth Amboy city, Middlesex County",2020,"22,614","29,003","6,192",575,"92,588","51,764","152,871",NDA,"5,655","160,243","521,505"
Phillipsburg town,Warren,"Phillipsburg town, Warren County",2020,"9,970","8,003","9,082",230,"28,465","12,987","57,937",NDA,"7,257","35,633","169,564"
Pilesgrove township,Salem,"Pilesgrove township, Salem County",2020,785,320,NDA,10,"4,278","5,295",NDA,NDA,"5,974","47,252","63,915"
Pine Beach borough,Ocean,"Pine Beach borough, Ocean County",2020,"1,939",270,14,17,"4,527",375,CWC,NDA,"1,029","5,289","13,459"
Pine Hill borough,Camden,"Pine Hill borough, Camden County",2020,"7,161","2,072",14,55,"21,274","6,099",NDA,NDA,"1,155","28,913","66,742"
Pine Valley borough,Camden,"Pine Valley borough, Camden County",2020,41,286,0,NDA,81,22,NDA,NDA,12,790,"1,232"
Piscataway township,Middlesex,"Piscataway township, Middlesex County",2020,"29,181","175,977","12,798",818,"63,428","136,339","10,826",NDA,"3,622","350,118","783,107"
Pitman borough,Gloucester,"Pitman borough, Gloucester County",2020,"6,978","2,231","1,291",97,"23,302","12,088",155,NDA,"3,368","30,554","80,065"
Pittsgrove township,Salem,"Pittsgrove township, Salem County",2020,"3,068","1,579","1,077",13,"14,331","4,953","2,376",NDA,"12,754","40,504","80,656"
Plainfield city,Union,"Plainfield city, Union County",2020,"24,399","16,495","2,832",872,"60,551","31,900","1,137",NDA,"6,489","147,980","292,655"
Plainsboro township,Middlesex,"Plainsboro township, Middlesex County",2020,"19,104","55,513",724,169,"19,949","25,938","21,005",NDA,"1,304","75,512","219,219"
Pleasantville city,Atlantic,"Pleasantville city, Atlantic County",2020,"10,322","11,182",119,202,"42,593","24,559","7,511",NDA,"3,199","83,225","182,911"
Plumsted township,Ocean,"Plumsted township, Ocean County",2020,"8,012","2,958",17,35,"6,078","1,787",NDA,NDA,"14,742","22,039","55,667"
Pohatcong township,Warren,"Pohatcong township, Warren County",2020,"3,131","3,577",232,21,"1,020","2,800",NDA,NDA,"10,159","20,428","41,369"
Point Pleasant Beach borough,Ocean,"Point Pleasant Beach borough, Ocean County",2020,"5,734","5,547",73,74,"10,988","5,367",CWC,NDA,274,"25,455","53,511"
Point Pleasant borough,Ocean,"Point Pleasant borough, Ocean County",2020,"16,625","6,444",83,122,"32,683","4,936",CWC,NDA,"2,940","59,680","123,514"
Pompton Lakes borough,Passaic,"Pompton Lakes borough, Passaic County",2020,"7,988","3,980","1,582",50,"18,465","4,536","4,298",NDA,"1,113","40,549","82,561"
Port Republic city,Atlantic,"Port Republic city, Atlantic County",2020,"1,378",443,NDA,14,103,NDA,NDA,NDA,"2,709","27,549","32,197"
Princeton,Mercer,"Princeton, Mercer County",2020,"21,869","27,724",120,397,"47,628","88,678",234,NDA,"3,896","147,584","338,128"
Prospect Park borough,Passaic,"Prospect Park borough, Passaic County",2020,"2,827",859,48,34,"8,962",957,122,NDA,176,"11,449","25,434"
Quinton township,Salem,"Quinton township, Salem County",2020,"1,819",729,44,15,13,2,NDA,NDA,"5,008","21,409","29,040"
Rahway city,Union,"Rahway city, Union County",2020,"17,214","15,046","16,667",424,"60,157","29,259","153,480",NDA,"5,200","111,353","408,800"
Ramsey borough,Bergen,"Ramsey borough, Bergen County",2020,"12,152","16,691",NDA,88,"33,659","14,462","1,080",NDA,713,"75,498","154,342"
Randolph township,Morris,"Randolph township, Morris County",2020,"21,884","12,659",452,74,"44,192","18,327",2,NDA,"10,245","129,275","237,109"
Raritan borough,Somerset,"Raritan borough, Somerset County",2020,"4,907","6,215","16,061",121,"10,972","6,810","19,584",NDA,827,"62,124","127,621"
Raritan township,Hunterdon,"Raritan township, Hunterdon County",2020,"20,150","21,063","14,402",49,"59,185","24,442",NDA,NDA,"8,165","84,919","232,374"
Readington township,Hunterdon,"Readington township, Hunterdon County",2020,"16,475","8,482","3,418",43,"25,840","11,718",803,NDA,"16,734","66,983","150,497"
Red Bank borough,Monmouth,"Red Bank borough, Monmouth County",2020,"8,253","18,455","5,787",136,"14,293","14,721",CWC,NDA,"1,467","96,960","160,071"
Ridgefield borough,Bergen,"Ridgefield borough, Bergen County",2020,"6,323","13,263","4,857",166,"17,275","21,424","769,480",NDA,887,"55,798","889,473"
Ridgefield Park village,Bergen,"Ridgefield Park village, Bergen County",2020,"7,027","12,364",260,114,"16,652","9,414",417,NDA,"3,284","44,337","93,870"
Ridgewood village,Bergen,"Ridgewood village, Bergen County",2020,"20,949","13,806",351,310,"57,611","13,075",230,NDA,"2,962","107,087","216,381"
Ringwood borough,Passaic,"Ringwood borough, Passaic County",2020,"9,812","3,476",172,40,"19,297","2,985",25,NDA,"6,869","40,711","83,386"
River Edge borough,Bergen,"River Edge borough, Bergen County",2020,"7,652","3,626",97,129,"18,238","7,006",10,NDA,"1,301","40,450","78,509"
River Vale township,Bergen,"River Vale township, Bergen County",2020,"8,533","2,674",NDA,79,"22,044","2,441",NDA,NDA,467,"31,619","67,858"
Riverdale borough,Morris,"Riverdale borough, Morris County",2020,"3,129","4,749","1,188",10,"6,198","3,710","7,709",NDA,"1,404","30,913","59,010"
Riverside township,Burlington,"Riverside township, Burlington County",2020,"5,357","2,832",422,98,"9,883","3,035",223,NDA,"2,302","19,096","43,248"
Riverton borough,Burlington,"Riverton borough, Burlington County",2020,"2,200",726,24,26,"4,810","1,098",9,106,817,"8,093","17,909"
Robbinsville township,Mercer,"Robbinsville township, Mercer County",2020,"12,296","23,444",4,262,"21,002","16,888",239,NDA,"4,088","72,485","150,707"
Rochelle Park township,Bergen,"Rochelle Park township, Bergen County",2020,"3,767","7,073","4,315",74,"8,894","4,108",255,NDA,987,"41,779","71,252"
Rockaway borough,Morris,"Rockaway borough, Morris County",2020,"4,558","5,022","1,908",54,"8,511","17,183",CWC,NDA,"2,304","57,908","97,448"
Rockaway township,Morris,"Rockaway township, Morris County",2020,"20,516","19,596","29,915",148,"24,483","26,548",CWC,NDA,"23,607","141,345","286,157"
Rockleigh borough,Bergen,"Rockleigh borough, Bergen County",2020,417,"6,557",NDA,10,"1,095","3,840",620,NDA,4,"5,357","17,899"
Rocky Hill borough,Somerset,"Rocky Hill borough, Somerset County",2020,614,327,106,8,"1,192",289,238,NDA,148,"2,795","5,718"
Roosevelt borough,Monmouth,"Roosevelt borough, Monmouth County",2020,648,146,16,9,"1,570",135,NDA,NDA,157,"2,927","5,606"
Roseland borough,Essex,"Roseland borough, Essex County",2020,"5,328","13,428","1,267",181,"13,037","8,737","1,633",22,173,"56,147","99,954"
Roselle borough,Union,"Roselle borough, Union County",2020,"11,439","7,186","2,387",274,"43,816","18,926",NDA,NDA,"3,766","55,939","143,734"
Roselle Park borough,Union,"Roselle Park borough, Union County",2020,"7,397","2,458",115,228,"24,976","12,152",NDA,NDA,"2,942","32,801","83,069"
Roxbury township,Morris,"Roxbury township, Morris County",2020,"18,341","20,282","1,731",152,"28,995","13,979",CWC,NDA,"19,635","128,474","231,588"
Rumson borough,Monmouth,"Rumson borough, Monmouth County",2020,"10,838","2,315",NDA,64,"23,374","1,875",CWC,NDA,316,"20,985","59,767"
Runnemede borough,Camden,"Runnemede borough, Camden County",2020,"5,988","4,657",135,99,"17,947","49,750","1,598",NDA,"1,371","32,112","113,658"
Rutherford borough,Bergen,"Rutherford borough, Bergen County",2020,"11,515","20,310","1,839",227,"28,004","12,460","1,456",NDA,"2,381","66,992","145,183"
Saddle Brook township,Bergen,"Saddle Brook township, Bergen County",2020,"9,666","18,057","2,619",181,"21,925","13,687","2,774",NDA,"4,044","78,568","151,520"
Saddle River borough,Bergen,"Saddle River borough, Bergen County",2020,"8,334","1,651",NDA,17,"21,678","1,066",NDA,NDA,200,"30,662","63,609"
Salem city,Salem,"Salem city, Salem County",2020,"7,155","6,740","3,520",96,"7,283","5,862","28,035",NDA,"3,190","15,387","77,268"
Sandyston township,Sussex,"Sandyston township, Sussex County",2020,"2,103",508,NDA,1,NDA,NDA,NDA,NDA,"6,288","5,037","13,936"
Sayreville borough,Middlesex,"Sayreville borough, Middlesex County",2020,"27,743","23,576","83,767",459,"62,490","205,071","46,066",NDA,"4,910","182,947","637,029"
Scotch Plains township,Union,"Scotch Plains township, Union County",2020,"19,570","7,776",306,257,"64,163","12,621",NDA,NDA,"2,412","85,648","192,753"
Sea Bright borough,Monmouth,"Sea Bright borough, Monmouth County",2020,"2,093","1,433",NDA,33,"3,032","1,502",CWC,NDA,49,"6,570","14,712"
Sea Girt borough,Monmouth,"Sea Girt borough, Monmouth County",2020,"3,727",924,NDA,21,"7,451","1,355",CWC,NDA,105,"7,652","21,235"
Sea Isle City city,Cape May,"Sea Isle City city, Cape May County",2020,"10,550","2,857",17,68,"19,918","3,313",NDA,NDA,95,"6,576","43,393"
Seaside Heights borough,Ocean,"Seaside Heights borough, Ocean County",2020,33,4,NDA,0,"4,335","1,836",CWC,NDA,219,NDA,"6,427"
Seaside Park borough,Ocean,"Seaside Park borough, Ocean County",2020,"3,278","1,215",1,44,"5,447",708,CWC,NDA,71,"4,551","15,316"
Secaucus town,Hudson,"Secaucus town, Hudson County",2020,"12,948","159,508","2,200",476,"23,798","61,774","2,122",NDA,"2,111","208,583","473,519"
Shamong township,Burlington,"Shamong township, Burlington County",2020,"6,248","1,036",34,7,"14,247","3,021",NDA,NDA,"4,709","21,676","50,978"
Shiloh borough,Cumberland,"Shiloh borough, Cumberland County",2020,432,116,NDA,4,541,83,NDA,NDA,627,"9,411","11,213"
Ship Bottom borough,Ocean,"Ship Bottom borough, Ocean County",2020,"2,946","1,767",2,72,"3,787","1,461",CWC,NDA,207,"8,504","18,745"
Shrewsbury borough,Monmouth,"Shrewsbury borough, Monmouth County",2020,"3,760","6,111",244,38,"7,937","4,608",CWC,NDA,523,"42,554","65,775"
Shrewsbury township,Monmouth,"Shrewsbury township, Monmouth County",2020,317,"1,117",NDA,2,860,558,CWC,NDA,221,"7,458","10,531"
Somerdale borough,Camden,"Somerdale borough, Camden County",2020,"3,798","3,042",31,68,"15,186","24,657",136,NDA,442,"20,450","67,811"
Somers Point city,Atlantic,"Somers Point city, Atlantic County",2020,"7,422","11,530",45,87,"22,500","54,692",6,NDA,761,"50,558","147,601"
Somerville borough,Somerset,"Somerville borough, Somerset County",2020,"7,502","14,352","1,059",255,"14,653","18,948",283,NDA,"1,615","97,024","155,691"
South Amboy city,Middlesex,"South Amboy city, Middlesex County",2020,"7,983","5,325",188,111,"13,781","3,610",618,NDA,"2,348","29,786","63,751"
South Bound Brook borough,Somerset,"South Bound Brook borough, Somerset County",2020,"3,049",951,5,71,"5,601","1,023",11,NDA,551,"12,960","24,222"
South Brunswick township,Middlesex,"South Brunswick township, Middlesex County",2020,"29,714","81,723","16,829",652,"69,879","74,960","15,268",NDA,"4,503","244,681","538,209"
South Hackensack township,Bergen,"South Hackensack township, Bergen County",2020,"1,374","8,493","3,441",51,"3,445","7,489","3,941",NDA,187,NDA,"28,421"
South Harrison township,Gloucester,"South Harrison township, Gloucester County",2020,621,279,NDA,9,"1,804",338,NDA,NDA,"2,056","13,016","18,123"
South Orange Village township,Essex,"South Orange Village township, Essex County",2020,"12,558","11,195",552,322,"36,294","14,700",83,"2,168","2,551","54,335","134,757"
South Plainfield borough,Middlesex,"South Plainfield borough, Middlesex County",2020,"15,298","36,328","13,298",411,"33,595","31,697","6,975",NDA,"3,254","185,377","326,232"
South River borough,Middlesex,"South River borough, Middlesex County",2020,NDA,NDA,NDA,NDA,"22,802","9,258",162,NDA,"1,282","55,335","88,839"
South Toms River borough,Ocean,"South Toms River borough, Ocean County",2020,"2,225","1,282",327,22,"4,479",862,CWC,NDA,395,"8,381","17,973"
Southampton township,Burlington,"Southampton township, Burlington County",2020,"12,704","2,580",179,181,"5,863","1,229",NDA,NDA,"14,613","40,153","77,502"
Sparta township,Sussex,"Sparta township, Sussex County",2020,"20,393","11,428",383,56,"11,161","6,170",NDA,NDA,"27,826","68,149","145,565"
Spotswood borough,Middlesex,"Spotswood borough, Middlesex County",2020,"6,145","3,056","9,037",95,"10,535","3,383","13,198",NDA,"1,598","30,481","77,527"
Spring Lake borough,Monmouth,"Spring Lake borough, Monmouth County",2020,"5,609","2,290",NDA,61,"12,008","1,933",CWC,NDA,127,"8,667","30,695"
Spring Lake Heights borough,Monmouth,"Spring Lake Heights borough, Monmouth County",2020,"4,740","1,629",NDA,40,"7,749","2,873",CWC,NDA,543,"17,771","35,344"
Springfield township,Burlington,"Springfield township, Burlington County",2020,"3,592","1,959",81,67,"1,473",387,NDA,NDA,"7,090","17,009","31,658"
Springfield township,Union,"Springfield township, Union County",2020,"11,849","15,603","1,732",112,"27,076","17,407","1,183",NDA,"2,005","92,904","169,871"
Stafford township,Ocean,"Stafford township, Ocean County",2020,"26,561","21,015",42,369,"45,879","11,054",CWC,NDA,"14,757","85,329","205,007"
Stanhope borough,Sussex,"Stanhope borough, Sussex County",2020,"3,491","1,037",332,27,NDA,NDA,NDA,NDA,"5,831","11,891","22,609"
Stillwater township,Sussex,"Stillwater township, Sussex County",2020,"4,508",713,29,NDA,NDA,NDA,NDA,NDA,"15,187","11,419","31,856"
Stockton borough,Hunterdon,"Stockton borough, Hunterdon County",2020,532,232,29,4,"1,415",354,NDA,NDA,535,"1,310","4,412"
Stone Harbor borough,Cape May,"Stone Harbor borough, Cape May County",2020,"5,629","1,900",NDA,78,"14,103","2,301",NDA,NDA,61,"3,020","27,092"
Stow Creek township,Cumberland,"Stow Creek township, Cumberland County",2020,858,167,NDA,1,101,42,NDA,NDA,"3,017","4,266","8,452"
Stratford borough,Camden,"Stratford borough, Camden County",2020,"4,693","5,797",448,18,"16,294","10,856",NDA,NDA,"1,538","23,877","63,521"
Summit city,Union,"Summit city, Union County",2020,"18,717","31,471","9,353",121,"46,929","28,046","21,103",NDA,"3,692","123,000","282,433"
Surf City borough,Ocean,"Surf City borough, Ocean County",2020,"3,689","1,133",NDA,25,"4,468",593,CWC,NDA,41,NDA,"9,948"
Sussex borough,Sussex,"Sussex borough, Sussex County",2020,"1,921","16,983",29,18,"2,019","3,053",185,NDA,"2,326","10,159","36,694"
Swedesboro borough,Gloucester,"Swedesboro borough, Gloucester County",2020,"15,669","27,864","11,404",98,"5,662","2,829","1,913",NDA,756,"13,641","79,835"
Tabernacle township,Burlington,"Tabernacle township, Burlington County",2020,"7,525","2,359",139,15,"9,428","6,325",NDA,NDA,"11,593","24,897","62,282"
Tavistock borough,Camden,"Tavistock borough, Camden County",2020,NDA,NDA,NDA,NDA,NDA,NDA,NDA,NDA,NDA,237,237
Teaneck township,Bergen,"Teaneck township, Bergen County",2020,"27,477","22,149",226,498,"66,685","25,123",308,NDA,"5,139","129,653","277,258"
Tenafly borough,Bergen,"Tenafly borough, Bergen County",2020,"13,721","5,486",39,163,"36,665","8,558",51,NDA,638,"41,253","106,574"
Teterboro borough,Bergen,"Teterboro borough, Bergen County",2020,43,"16,262","3,081",48,76,"10,023","2,294",NDA,NDA,"82,180","114,006"
Tewksbury township,Hunterdon,"Tewksbury township, Hunterdon County",2020,"8,830","2,376",13,6,"9,383","1,511",NDA,NDA,"5,536","25,397","53,052"
Tinton Falls borough,Monmouth,"Tinton Falls borough, Monmouth County",2020,"13,454","21,507","1,982",120,"26,911","19,877",CWC,NDA,"1,400","117,741","202,993"
Toms River township,Ocean,"Toms River township, Ocean County",2020,"85,512","59,405","1,982","1,126","151,154","46,480",CWC,NDA,"12,718","372,793","731,170"
Totowa borough,Passaic,"Totowa borough, Passaic County",2020,"7,880","27,929","13,443",196,"21,787","20,248","6,027",NDA,"3,801","100,623","201,934"
Trenton city,Mercer,"Trenton city, Mercer County",2020,"41,315","77,340","10,851","2,731","112,828","65,775","30,749",69,"12,779","328,088","682,524"
Tuckerton borough,Ocean,"Tuckerton borough, Ocean County",2020,"5,783","4,788",226,36,"5,015","1,308",CWC,NDA,"2,073","7,934","27,164"
Union Beach borough,Monmouth,"Union Beach borough, Monmouth County",2020,"4,064","1,018","2,200",36,"8,485","3,299",CWC,NDA,880,"33,715","53,696"
Union City city,Hudson,"Union City city, Hudson County",2020,"22,993","27,100","1,087","2,181","44,608","50,625","2,469",NDA,"5,762","86,985","243,810"
Union township,Hunterdon,"Union township, Hunterdon County",2020,"5,469","6,305",26,11,"5,097","2,826",NDA,NDA,"6,896","15,309","41,939"
Union township,Union,"Union township, Union County",2020,"32,422","48,687","9,526",838,"134,367","82,864","40,117",NDA,"5,915","297,998","652,735"
Upper Deerfield township,Cumberland,"Upper Deerfield township, Cumberland County",2020,"2,467","2,168","5,093",61,"8,908","6,482","14,261",NDA,"7,383","35,637","82,460"
Upper Freehold township,Monmouth,"Upper Freehold township, Monmouth County",2020,"7,918","2,533",40,31,"11,082","4,343",NDA,NDA,"6,842","12,323","45,112"
Upper Pittsgrove township,Salem,"Upper Pittsgrove township, Salem County",2020,"3,210","2,397",543,1,"2,209","1,043",NDA,NDA,"5,641","33,806","48,849"
Upper Saddle River borough,Bergen,"Upper Saddle River borough, Bergen County",2020,"9,905","3,937",NDA,29,"30,713","2,540",124,NDA,327,"39,073","86,649"
Upper township,Cape May,"Upper township, Cape May County",2020,"12,120","6,120",367,120,"20,450","13,125",2,NDA,"6,831","115,433","174,567"
Ventnor City city,Atlantic,"Ventnor City city, Atlantic County",2020,"9,659","5,011",NDA,200,"37,620","46,436",NDA,NDA,642,"10,549","110,117"
Vernon township,Sussex,"Vernon township, Sussex County",2020,"7,039","5,654",334,37,"12,266","6,896",NDA,NDA,"43,162","69,988","145,376"
Verona township,Essex,"Verona township, Essex County",2020,"9,688","6,395",184,233,"24,730","10,893",353,6,"2,605","44,875","99,963"
Victory Gardens borough,Morris,"Victory Gardens borough, Morris County",2020,808,384,NDA,8,"1,523",380,CWC,NDA,162,"4,538","7,802"
Vineland City,Cumberland,"Vineland City, Cumberland County",2020,"1,512","1,375",65,1,"128,841","143,507","171,577",NDA,"18,578","240,051","705,506"
Voorhees township,Camden,"Voorhees township, Camden County",2020,"21,352","36,589",875,271,"76,347","36,605",87,NDA,"3,163","136,366","311,654"
Waldwick borough,Bergen,"Waldwick borough, Bergen County",2020,"6,872","4,624","1,956",110,"17,814","4,127",325,NDA,724,"40,423","76,974"
Wall township,Monmouth,"Wall township, Monmouth County",2020,"24,837","33,752","3,722",123,"49,291","20,370",CWC,NDA,"4,825","151,291","288,211"
Wallington borough,Bergen,"Wallington borough, Bergen County",2020,"5,969","3,377",174,106,"13,351","6,137",189,NDA,896,"47,185","77,383"
Walpack township,Sussex,"Walpack township, Sussex County",2020,46,52,NDA,0,NDA,NDA,NDA,NDA,NDA,16,114
Wanaque borough,Passaic,"Wanaque borough, Passaic County",2020,"7,866","4,500","4,704",58,"18,241","6,384",626,NDA,"1,487","47,295","91,163"
Wantage township,Sussex,"Wantage township, Sussex County",2020,"3,260","3,450",120,2,"1,071","2,970",NDA,NDA,"31,020","27,342","69,235"
Warren township,Somerset,"Warren township, Somerset County",2020,"17,505","17,435",883,59,"41,437","20,350",446,NDA,"4,308","93,661","196,084"
Washington borough,Warren,"Washington borough, Warren County",2020,"5,227","2,018","3,331",44,"13,338","6,555","5,633",NDA,"3,697","21,038","60,880"
Washington township,Bergen,"Washington township, Bergen County",2020,"7,950","2,554",25,71,"20,065","2,775",21,NDA,"1,037","28,217","62,716"
Washington township,Burlington,"Washington township, Burlington County",2020,688,573,42,4,591,614,CWC,NDA,"2,697","4,430","9,638"
Washington township,Gloucester,"Washington township, Gloucester County",2020,"24,760","27,992",92,325,"120,190","81,043","4,893",NDA,"4,379","216,446","480,120"
Washington township,Morris,"Washington township, Morris County",2020,"17,713","4,857","4,170",22,"31,975","4,298",NDA,NDA,"19,850","58,391","141,275"
Washington township,Warren,"Washington township, Warren County",2020,"6,367","3,729","1,082",11,"8,689","3,823",NDA,NDA,"7,633","29,333","60,668"
Watchung borough,Somerset,"Watchung borough, Somerset County",2020,"6,575","7,927","1,898",105,"16,207","11,451","4,447",NDA,632,"45,311","94,554"
Waterford township,Camden,"Waterford township, Camden County",2020,"11,013","3,826",172,75,"27,584","11,133",NDA,NDA,"6,377","42,569","102,749"
Wayne township,Passaic,"Wayne township, Passaic County",2020,"41,334","61,518","12,016",480,"101,960","52,189","2,728",NDA,"5,253","308,288","585,766"
Weehawken township,Hudson,"Weehawken township, Hudson County",2020,"10,227","34,032","2,079",312,"13,946","14,954",658,NDA,"2,359","33,024","111,591"
Wenonah borough,Gloucester,"Wenonah borough, Gloucester County",2020,"4,856",943,15,17,"9,004",747,NDA,NDA,743,"7,948","24,274"
West Amwell township,Hunterdon,"West Amwell township, Hunterdon County",2020,"3,169",885,701,6,"2,327",621,NDA,NDA,"4,338","6,201","18,248"
West Caldwell township,Essex,"West Caldwell township, Essex County",2020,"8,412","16,368","7,207",178,"21,817","16,720","8,505",2,882,"82,845","162,936"
West Cape May borough,Cape May,"West Cape May borough, Cape May County",2020,"1,678",742,NDA,14,"5,069","1,413",NDA,NDA,69,859,"9,844"
West Deptford township,Gloucester,"West Deptford township, Gloucester County",2020,"17,462","23,097","30,621",264,"28,227","15,766","45,721",NDA,"7,040","110,576","278,773"
West Long Branch borough,Monmouth,"West Long Branch borough, Monmouth County",2020,"6,611","9,829",NDA,57,"13,918","9,785",CWC,NDA,658,"52,864","93,723"
West Milford township,Passaic,"West Milford township, Passaic County",2020,"21,324","8,019",771,255,"30,038","6,046",173,NDA,"46,461","91,446","204,533"
West New York town,Hudson,"West New York town, Hudson County",2020,"20,258","20,427",305,714,"28,555","44,344","1,268",NDA,"6,867","70,150","192,887"
West Orange township,Essex,"West Orange township, Essex County",2020,"31,910","32,071",987,695,"86,702","31,919",460,144,"6,208","154,918","346,013"
West Wildwood borough,Cape May,"West Wildwood borough, Cape May County",2020,861,91,NDA,15,"2,462",94,NDA,NDA,207,54,"3,784"
West Windsor township,Mercer,"West Windsor township, Mercer County",2020,"21,003","41,715","22,850",485,"46,709","22,858",33,NDA,"2,146","213,477","371,277"
Westampton township,Burlington,"Westampton township, Burlington County",2020,"7,501","16,205","1,050",128,"9,545","9,918","1,108",NDA,"2,559","60,256","108,270"
Westfield town,Union,"Westfield town, Union County",2020,"26,079","10,694",209,454,"89,114","17,575",NDA,NDA,"3,879","106,027","254,031"
Westville borough,Gloucester,"Westville borough, Gloucester County",2020,"3,048","1,460",63,58,"5,306","1,868","191,808",NDA,775,"17,219","221,604"
Westwood borough,Bergen,"Westwood borough, Bergen County",2020,"7,830","7,328",169,189,"17,620","10,339",278,NDA,"1,295","46,241","91,289"
Weymouth township,Atlantic,"Weymouth township, Atlantic County",2020,"2,442",428,8,13,"1,550",115,NDA,NDA,"2,521","19,386","26,462"
Wharton borough,Morris,"Wharton borough, Morris County",2020,"4,795","7,528","2,963",32,"7,100","23,679",CWC,NDA,"1,613","39,676","87,387"
White township,Warren,"White township, Warren County",2020,"4,301","2,165",344,7,"4,405","9,135",NDA,NDA,"10,471","16,038","46,866"
Wildwood city,Cape May,"Wildwood city, Cape May County",2020,"8,062","10,181",291,190,"15,480","12,867",13,NDA,163,"3,482","50,729"
Wildwood Crest Borough,Cape May,"Wildwood Crest Borough, Cape May County",2020,"6,880","4,270",NDA,117,"18,103","8,990",NDA,NDA,345,"2,780","41,485"
Willingboro township,Burlington,"Willingboro township, Burlington County",2020,"21,186","10,577",248,477,"56,775","8,778",124,NDA,"1,892","95,834","195,892"
Winfield township,Union,"Winfield township, Union County",2020,889,70,NDA,17,"2,587",274,NDA,NDA,8,"3,393","7,238"
Winslow township,Camden,"Winslow township, Camden County",2020,"30,539","15,624","3,582",279,"88,614","54,391","6,945",NDA,"9,623","160,877","370,474"
Woodbine borough,Cape May,"Woodbine borough, Cape May County",2020,"2,304","3,123",398,39,"2,292","6,448",1,NDA,"2,105","7,620","24,330"
Woodbridge Township,Middlesex,"Woodbridge Township, Middlesex County",2020,"57,838","87,648","36,758","1,444","201,762","107,563","1,439,155",NDA,"17,154","522,893","2,472,216"
Woodbury city,Gloucester,"Woodbury city, Gloucester County",2020,"7,183","9,955",499,193,"11,993","9,122",71,NDA,"3,570","55,299","97,885"
Woodbury Heights borough,Gloucester,"Woodbury Heights borough, Gloucester County",2020,"2,536","1,566",70,43,"7,681","3,715",15,NDA,"1,100","16,472","33,196"
Woodcliff Lake borough,Bergen,"Woodcliff Lake borough, Bergen County",2020,"6,265","10,711",67,118,"18,250","3,526",20,NDA,904,"31,322","71,182"
Woodland Park borough,Passaic,"Woodland Park borough, Passaic County",2020,"8,666","8,176","1,230",124,"18,521","9,796",301,NDA,"1,938","47,416","96,169"
Woodland township,Burlington,"Woodland township, Burlington County",2020,"1,421","2,195",0,14,10,"1,735",NDA,NDA,"6,096","6,698","18,168"
Woodlynne borough,Camden,"Woodlynne borough, Camden County",2020,"1,587",397,0,43,"3,410",576,2,NDA,563,"5,131","11,708"
Wood-Ridge borough,Bergen,"Wood-Ridge borough, Bergen County",2020,"7,006","4,955","1,333",101,"14,833","5,572","2,595",NDA,832,"31,878","69,106"
Woodstown borough,Salem,"Woodstown borough, Salem County",2020,"6,864","4,208",41,26,"7,596","40,395",7,NDA,"1,530","8,162","68,829"
Woolwich township,Gloucester,"Woolwich township, Gloucester County",2020,11,NDA,NDA,NDA,"30,878","5,827",192,NDA,"1,455","61,595","99,958"
Wrightstown borough,Burlington,"Wrightstown borough, Burlington County",2020,820,"1,895",993,22,624,"3,573",30,NDA,337,"32,854","41,149"
Wyckoff township,Bergen,"Wyckoff township, Bergen County",2020,"16,223","7,574",289,113,"47,028","10,014",162,NDA,641,"75,024","157,068"